Workbook
Name Slicer_Dept_Code: #N/A
Name Slicer_Employment_status: #N/A
Name Slicer_Performance_Band: #N/A

Sheet Raw_Employee_Data
A1: Employee ID | B1: First_Name | C1: Last_Name | D1: Dept Code | E1: Hire Date | F1: Salary | G1: Perf_Score | H1: Employment status | I1: Department Name | J1: Full Name | K1: Years of Service | L1: Performance Band | M1: Eligible Bonus Amount
A2: EMP127 | B2: Emily | C2: Brown | D2: IT02 | E2: 43093 | F2: 50361 | G2: 52 | H2: Active | I2: =VLOOKUP(EMPLOYEE[[#This Row],[Dept Code]],Lookup_Departments!$A$1:$B$7,2,FALSE) -> Information Technology | J2: =CONCATENATE(EMPLOYEE[[#This Row],[First_Name]]," "," ",EMPLOYEE[[#This Row],[Last_Name]]) -> Emily Brown | K2: =DATEDIF(EMPLOYEE[[#This Row],[Hire Date]],TODAY(),"Y") -> 8 | L2: =IF(EMPLOYEE[[#This Row],[Perf_Score]]>=95,"Outstanding",IF(EMPLOYEE[[#This Row],[Perf_Score]]>=85,"Exceeding",IF(EMPLOYEE[[#This Row],[Perf_Score]]>=70,"Achieving",IF(EMPLOYEE[[#This Row],[Perf_Score]]>=50,"Developing",IF(EMPLOYEE[[#This Row],[Perf_Score]]>=0,"Needs Improvement","NA"))))) -> Developing | M2: =IF(EMPLOYEE[[#This Row],[Perf_Score]]>=95,0.12,IF(EMPLOYEE[[#This Row],[Perf_Score]]>=85,0.08,IF(EMPLOYEE[[#This Row],[Perf_Score]]>=70,0.05,IF(EMPLOYEE[[#This Row],[Perf_Score]]>=50,0.02,IF(EMPLOYEE[[#This Row],[Perf_Score]]>=0,0,"NA"))))) -> 0.02
A3: EMP046 | B3: Richard | C3: Hernandez | D3: MKT04 | E3: 44659 | F3: 112673 | G3: 68 | H3: Active | I3: =VLOOKUP(EMPLOYEE[[#This Row],[Dept Code]],Lookup_Departments!$A$1:$B$7,2,FALSE) -> Marketing | J3: =CONCATENATE(EMPLOYEE[[#This Row],[First_Name]]," "," ",EMPLOYEE[[#This Row],[Last_Name]]) -> Richard Hernandez | K3: =DATEDIF(EMPLOYEE[[#This Row],[Hire Date]],TODAY(),"Y") -> 4 | L3: =IF(EMPLOYEE[[#This Row],[Perf_Score]]>=95,"Outstanding",IF(EMPLOYEE[[#This Row],[Perf_Score]]>=85,"Exceeding",IF(EMPLOYEE[[#This Row],[Perf_Score]]>=70,"Achieving",IF(EMPLOYEE[[#This Row],[Perf_Score]]>=50,"Developing",IF(EMPLOYEE[[#This Row],[Perf_Score]]>=0,"Needs Improvement","NA"))))) -> Developing | M3: =IF(EMPLOYEE[[#This Row],[Perf_Score]]>=95,0.12,IF(EMPLOYEE[[#This Row],[Perf_Score]]>=85,0.08,IF(EMPLOYEE[[#This Row],[Perf_Score]]>=70,0.05,IF(EMPLOYEE[[#This Row],[Perf_Score]]>=50,0.02,IF(EMPLOYEE[[#This Row],[Perf_Score]]>=0,0,"NA"))))) -> 0.02
A4: EMP134 | B4: Emily | C4: Gonzalez | D4: IT02 | E4: 42431 | F4: 114425 | G4: 54 | H4: Left | I4: =VLOOKUP(EMPLOYEE[[#This Row],[Dept Code]],Lookup_Departments!$A$1:$B$7,2,FALSE) -> Information Technology | J4: =CONCATENATE(EMPLOYEE[[#This Row],[First_Name]]," "," ",EMPLOYEE[[#This Row],[Last_Name]]) -> Emily Gonzalez | K4: =DATEDIF(EMPLOYEE[[#This Row],[Hire Date]],TODAY(),"Y") -> 10 | L4: =IF(EMPLOYEE[[#This Row],[Perf_Score]]>=95,"Outstanding",IF(EMPLOYEE[[#This Row],[Perf_Score]]>=85,"Exceeding",IF(EMPLOYEE[[#This Row],[Perf_Score]]>=70,"Achieving",IF(EMPLOYEE[[#This Row],[Perf_Score]]>=50,"Developing",IF(EMPLOYEE[[#This Row],[Perf_Score]]>=0,"Needs Improvement","NA"))))) -> Developing | M4: =IF(EMPLOYEE[[#This Row],[Perf_Score]]>=95,0.12,IF(EMPLOYEE[[#This Row],[Perf_Score]]>=85,0.08,IF(EMPLOYEE[[#This Row],[Perf_Score]]>=70,0.05,IF(EMPLOYEE[[#This Row],[Perf_Score]]>=50,0.02,IF(EMPLOYEE[[#This Row],[Perf_Score]]>=0,0,"NA"))))) -> 0.02
A5: EMP139 | B5: John | C5: Martinez | D5: FIN03 | E5: 45110 | F5: 103831 | G5: 70 | H5: Active | I5: =VLOOKUP(EMPLOYEE[[#This Row],[Dept Code]],Lookup_Departments!$A$1:$B$7,2,FALSE) -> Finance | J5: =CONCATENATE(EMPLOYEE[[#This Row],[First_Name]]," "," ",EMPLOYEE[[#This Row],[Last_Name]]) -> John Martinez | K5: =DATEDIF(EMPLOYEE[[#This Row],[Hire Date]],TODAY(),"Y") -> 3 | L5: =IF(EMPLOYEE[[#This Row],[Perf_Score]]>=95,"Outstanding",IF(EMPLOYEE[[#This Row],[Perf_Score]]>=85,"Exceeding",IF(EMPLOYEE[[#This Row],[Perf_Score]]>=70,"Achieving",IF(EMPLOYEE[[#This Row],[Perf_Score]]>=50,"Developing",IF(EMPLOYEE[[#This Row],[Perf_Score]]>=0,"Needs Improvement","NA"))))) -> Achieving | M5: =IF(EMPLOYEE[[#This Row],[Perf_Score]]>=95,0.12,IF(EMPLOYEE[[#This Row],[Perf_Score]]>=85,0.08,IF(EMPLOYEE[[#This Row],[Perf_Score]]>=70,0.05,IF(EMPLOYEE[[#This Row],[Perf_Score]]>=50,0.02,IF(EMPLOYEE[[#This Row],[Perf_Score]]>=0,0,"NA"))))) -> 0.05
A6: EMP112 | B6: Thomas | C6: Smith | D6: IT02 | E6: 44977 | F6: 73785 | G6: 40 | H6: Left | I6: =VLOOKUP(EMPLOYEE[[#This Row],[Dept Code]],Lookup_Departments!$A$1:$B$7,2,FALSE) -> Information Technology | J6: =CONCATENATE(EMPLOYEE[[#This Row],[First_Name]]," "," ",EMPLOYEE[[#This Row],[Last_Name]]) -> Thomas Smith | K6: =DATEDIF(EMPLOYEE[[#This Row],[Hire Date]],TODAY(),"Y") -> 3 | L6: =IF(EMPLOYEE[[#This Row],[Perf_Score]]>=95,"Outstanding",IF(EMPLOYEE[[#This Row],[Perf_Score]]>=85,"Exceeding",IF(EMPLOYEE[[#This Row],[Perf_Score]]>=70,"Achieving",IF(EMPLOYEE[[#This Row],[Perf_Score]]>=50,"Developing",IF(EMPLOYEE[[#This Row],[Perf_Score]]>=0,"Needs Improvement","NA"))))) -> Needs Improvement | M6: =IF(EMPLOYEE[[#This Row],[Perf_Score]]>=95,0.12,IF(EMPLOYEE[[#This Row],[Perf_Score]]>=85,0.08,IF(EMPLOYEE[[#This Row],[Perf_Score]]>=70,0.05,IF(EMPLOYEE[[#This Row],[Perf_Score]]>=50,0.02,IF(EMPLOYEE[[#This Row],[Perf_Score]]>=0,0,"NA"))))) -> 0
A7: EMP030 | B7: Emily | C7: Johnson | D7: OPS06 | E7: 43892 | F7: 115882 | G7: 49 | H7: Active | I7: =VLOOKUP(EMPLOYEE[[#This Row],[Dept Code]],Lookup_Departments!$A$1:$B$7,2,FALSE) -> Operations | J7: =CONCATENATE(EMPLOYEE[[#This Row],[First_Name]]," "," ",EMPLOYEE[[#This Row],[Last_Name]]) -> Emily Johnson | K7: =DATEDIF(EMPLOYEE[[#This Row],[Hire Date]],TODAY(),"Y") -> 6 | L7: =IF(EMPLOYEE[[#This Row],[Perf_Score]]>=95,"Outstanding",IF(EMPLOYEE[[#This Row],[Perf_Score]]>=85,"Exceeding",IF(EMPLOYEE[[#This Row],[Perf_Score]]>=70,"Achieving",IF(EMPLOYEE[[#This Row],[Perf_Score]]>=50,"Developing",IF(EMPLOYEE[[#This Row],[Perf_Score]]>=0,"Needs Improvement","NA"))))) -> Needs Improvement | M7: =IF(EMPLOYEE[[#This Row],[Perf_Score]]>=95,0.12,IF(EMPLOYEE[[#This Row],[Perf_Score]]>=85,0.08,IF(EMPLOYEE[[#This Row],[Perf_Score]]>=70,0.05,IF(EMPLOYEE[[#This Row],[Perf_Score]]>=50,0.02,IF(EMPLOYEE[[#This Row],[Perf_Score]]>=0,0,"NA"))))) -> 0
A8: EMP096 | B8: John | C8: Wilson | D8: OPS06 | E8: 45272 | F8: 59980 | G8: 70 | H8: Left | I8: =VLOOKUP(EMPLOYEE[[#This Row],[Dept Code]],Lookup_Departments!$A$1:$B$7,2,FALSE) -> Operations | J8: =CONCATENATE(EMPLOYEE[[#This Row],[First_Name]]," "," ",EMPLOYEE[[#This Row],[Last_Name]]) -> John Wilson | K8: =DATEDIF(EMPLOYEE[[#This Row],[Hire Date]],TODAY(),"Y") -> 2 | L8: =IF(EMPLOYEE[[#This Row],[Perf_Score]]>=95,"Outstanding",IF(EMPLOYEE[[#This Row],[Perf_Score]]>=85,"Exceeding",IF(EMPLOYEE[[#This Row],[Perf_Score]]>=70,"Achieving",IF(EMPLOYEE[[#This Row],[Perf_Score]]>=50,"Developing",IF(EMPLOYEE[[#This Row],[Perf_Score]]>=0,"Needs Improvement","NA"))))) -> Achieving | M8: =IF(EMPLOYEE[[#This Row],[Perf_Score]]>=95,0.12,IF(EMPLOYEE[[#This Row],[Perf_Score]]>=85,0.08,IF(EMPLOYEE[[#This Row],[Perf_Score]]>=70,0.05,IF(EMPLOYEE[[#This Row],[Perf_Score]]>=50,0.02,IF(EMPLOYEE[[#This Row],[Perf_Score]]>=0,0,"NA"))))) -> 0.05
A9: EMP098 | B9: Jessica | C9: Smith | D9: OPS06 | E9: 44174 | F9: 68728 | G9: 45 | H9: Active | I9: =VLOOKUP(EMPLOYEE[[#This Row],[Dept Code]],Lookup_Departments!$A$1:$B$7,2,FALSE) -> Operations | J9: =CONCATENATE(EMPLOYEE[[#This Row],[First_Name]]," "," ",EMPLOYEE[[#This Row],[Last_Name]]) -> Jessica Smith | K9: =DATEDIF(EMPLOYEE[[#This Row],[Hire Date]],TODAY(),"Y") -> 5 | L9: =IF(EMPLOYEE[[#This Row],[Perf_Score]]>=95,"Outstanding",IF(EMPLOYEE[[#This Row],[Perf_Score]]>=85,"Exceeding",IF(EMPLOYEE[[#This Row],[Perf_Score]]>=70,"Achieving",IF(EMPLOYEE[[#This Row],[Perf_Score]]>=50,"Developing",IF(EMPLOYEE[[#This Row],[Perf_Score]]>=0,"Needs Improvement","NA"))))) -> Needs Improvement | M9: =IF(EMPLOYEE[[#This Row],[Perf_Score]]>=95,0.12,IF(EMPLOYEE[[#This Row],[Perf_Score]]>=85,0.08,IF(EMPLOYEE[[#This Row],[Perf_Score]]>=70,0.05,IF(EMPLOYEE[[#This Row],[Perf_Score]]>=50,0.02,IF(EMPLOYEE[[#This Row],[Perf_Score]]>=0,0,"NA"))))) -> 0
A10: EMP095 | B10: Jessica | C10: Rodriguez | D10: FIN03 | E10: 43107 | F10: 102139 | G10: 79 | H10: Active | I10: =VLOOKUP(EMPLOYEE[[#This Row],[Dept Code]],Lookup_Departments!$A$1:$B$7,2,FALSE) -> Finance | J10: =CONCATENATE(EMPLOYEE[[#This Row],[First_Name]]," "," ",EMPLOYEE[[#This Row],[Last_Name]]) -> Jessica Rodriguez | K10: =DATEDIF(EMPLOYEE[[#This Row],[Hire Date]],TODAY(),"Y") -> 8 | L10: =IF(EMPLOYEE[[#This Row],[Perf_Score]]>=95,"Outstanding",IF(EMPLOYEE[[#This Row],[Perf_Score]]>=85,"Exceeding",IF(EMPLOYEE[[#This Row],[Perf_Score]]>=70,"Achieving",IF(EMPLOYEE[[#This Row],[Perf_Score]]>=50,"Developing",IF(EMPLOYEE[[#This Row],[Perf_Score]]>=0,"Needs Improvement","NA"))))) -> Achieving | M10: =IF(EMPLOYEE[[#This Row],[Perf_Score]]>=95,0.12,IF(EMPLOYEE[[#This Row],[Perf_Score]]>=85,0.08,IF(EMPLOYEE[[#This Row],[Perf_Score]]>=70,0.05,IF(EMPLOYEE[[#This Row],[Perf_Score]]>=50,0.02,IF(EMPLOYEE[[#This Row],[Perf_Score]]>=0,0,"NA"))))) -> 0.05
A11: EMP140 | B11: Michael | C11: Martinez | D11: SAL05 | E11: 42676 | F11: 94998 | G11: 58 | H11: Active | I11: =VLOOKUP(EMPLOYEE[[#This Row],[Dept Code]],Lookup_Departments!$A$1:$B$7,2,FALSE) -> Sales | J11: =CONCATENATE(EMPLOYEE[[#This Row],[First_Name]]," "," ",EMPLOYEE[[#This Row],[Last_Name]]) -> Michael Martinez | K11: =DATEDIF(EMPLOYEE[[#This Row],[Hire Date]],TODAY(),"Y") -> 9 | L11: =IF(EMPLOYEE[[#This Row],[Perf_Score]]>=95,"Outstanding",IF(EMPLOYEE[[#This Row],[Perf_Score]]>=85,"Exceeding",IF(EMPLOYEE[[#This Row],[Perf_Score]]>=70,"Achieving",IF(EMPLOYEE[[#This Row],[Perf_Score]]>=50,"Developing",IF(EMPLOYEE[[#This Row],[Perf_Score]]>=0,"Needs Improvement","NA"))))) -> Developing | M11: =IF(EMPLOYEE[[#This Row],[Perf_Score]]>=95,0.12,IF(EMPLOYEE[[#This Row],[Perf_Score]]>=85,0.08,IF(EMPLOYEE[[#This Row],[Perf_Score]]>=70,0.05,IF(EMPLOYEE[[#This Row],[Perf_Score]]>=50,0.02,IF(EMPLOYEE[[#This Row],[Perf_Score]]>=0,0,"NA"))))) -> 0.02
A12: EMP020 | B12: Emily | C12: Miller | D12: SAL05 | E12: 43911 | F12: 118635 | G12: 49 | H12: Active | I12: =VLOOKUP(EMPLOYEE[[#This Row],[Dept Code]],Lookup_Departments!$A$1:$B$7,2,FALSE) -> Sales | J12: =CONCATENATE(EMPLOYEE[[#This Row],[First_Name]]," "," ",EMPLOYEE[[#This Row],[Last_Name]]) -> Emily Miller | K12: =DATEDIF(EMPLOYEE[[#This Row],[Hire Date]],TODAY(),"Y") -> 6 | L12: =IF(EMPLOYEE[[#This Row],[Perf_Score]]>=95,"Outstanding",IF(EMPLOYEE[[#This Row],[Perf_Score]]>=85,"Exceeding",IF(EMPLOYEE[[#This Row],[Perf_Score]]>=70,"Achieving",IF(EMPLOYEE[[#This Row],[Perf_Score]]>=50,"Developing",IF(EMPLOYEE[[#This Row],[Perf_Score]]>=0,"Needs Improvement","NA"))))) -> Needs Improvement | M12: =IF(EMPLOYEE[[#This Row],[Perf_Score]]>=95,0.12,IF(EMPLOYEE[[#This Row],[Perf_Score]]>=85,0.08,IF(EMPLOYEE[[#This Row],[Perf_Score]]>=70,0.05,IF(EMPLOYEE[[#This Row],[Perf_Score]]>=50,0.02,IF(EMPLOYEE[[#This Row],[Perf_Score]]>=0,0,"NA"))))) -> 0
A13: EMP057 | B13: Emily | C13: Hernandez | D13: IT02 | E13: 42425 | F13: 76918 | G13: 62 | H13: Active | I13: =VLOOKUP(EMPLOYEE[[#This Row],[Dept Code]],Lookup_Departments!$A$1:$B$7,2,FALSE) -> Information Technology | J13: =CONCATENATE(EMPLOYEE[[#This Row],[First_Name]]," "," ",EMPLOYEE[[#This Row],[Last_Name]]) -> Emily Hernandez | K13: =DATEDIF(EMPLOYEE[[#This Row],[Hire Date]],TODAY(),"Y") -> 10 | L13: =IF(EMPLOYEE[[#This Row],[Perf_Score]]>=95,"Outstanding",IF(EMPLOYEE[[#This Row],[Perf_Score]]>=85,"Exceeding",IF(EMPLOYEE[[#This Row],[Perf_Score]]>=70,"Achieving",IF(EMPLOYEE[[#This Row],[Perf_Score]]>=50,"Developing",IF(EMPLOYEE[[#This Row],[Perf_Score]]>=0,"Needs Improvement","NA"))))) -> Developing | M13: =IF(EMPLOYEE[[#This Row],[Perf_Score]]>=95,0.12,IF(EMPLOYEE[[#This Row],[Perf_Score]]>=85,0.08,IF(EMPLOYEE[[#This Row],[Perf_Score]]>=70,0.05,IF(EMPLOYEE[[#This Row],[Perf_Score]]>=50,0.02,IF(EMPLOYEE[[#This Row],[Perf_Score]]>=0,0,"NA"))))) -> 0.02
... A151: EMP103 | B151: Amanda | C151: Brown | D151: IT02 | E151: 44848 | F151: 118634 | G151: 91 | H151: Active | I151: =VLOOKUP(EMPLOYEE[[#This Row],[Dept Code]],Lookup_Departments!$A$1:$B$7,2,FALSE) -> Information Technology | J151: =CONCATENATE(EMPLOYEE[[#This Row],[First_Name]]," "," ",EMPLOYEE[[#This Row],[Last_Name]]) -> Amanda Brown | K151: =DATEDIF(EMPLOYEE[[#This Row],[Hire Date]],TODAY(),"Y") -> 3 | L151: =IF(EMPLOYEE[[#This Row],[Perf_Score]]>=95,"Outstanding",IF(EMPLOYEE[[#This Row],[Perf_Score]]>=85,"Exceeding",IF(EMPLOYEE[[#This Row],[Perf_Score]]>=70,"Achieving",IF(EMPLOYEE[[#This Row],[Perf_Score]]>=50,"Developing",IF(EMPLOYEE[[#This Row],[Perf_Score]]>=0,"Needs Improvement","NA"))))) -> Exceeding | M151: =IF(EMPLOYEE[[#This Row],[Perf_Score]]>=95,0.12,IF(EMPLOYEE[[#This Row],[Perf_Score]]>=85,0.08,IF(EMPLOYEE[[#This Row],[Perf_Score]]>=70,0.05,IF(EMPLOYEE[[#This Row],[Perf_Score]]>=50,0.02,IF(EMPLOYEE[[#This Row],[Perf_Score]]>=0,0,"NA"))))) -> 0.08

Sheet Lookup_Performance
A1: Min_Score | B1: Max_Score | C1: Performance_Band | D1: Bonus_Percentage
A2: 0 | B2: 49 | C2: Needs Improvement | D2: 0
A3: 50 | B3: 69 | C3: Developing | D3: 0.02
A4: 70 | B4: 84 | C4: Achieving | D4: 0.05
A5: 85 | B5: 94 | C5: Exceeding | D5: 0.08
A6: 95 | B6: 100 | C6: Outstanding | D6: 0.12

Sheet Lookup_Departments
A1: Dept_Code | B1: Department_Name
A2: HR01 | B2: Human Resources
A3: IT02 | B3: Information Technology
A4: FIN03 | B4: Finance
A5: MKT04 | B5: Marketing
A6: SAL05 | B6: Sales
A7: OPS06 | B7: Operations

Sheet PIVOT TABLE
A2: HEADCOUNT AND SALARY ANALYSIS | F2: ATTRITION RATE | J2: PERFORMANCE BY STATUS | N2: BONUS PAYOUT BY PERFORMANCE BAND
A3: Department Name | B3: Count of Employee ID | C3: Average of Salary | F3: No of Left Employee | G3: Employment status | J3: Average of Perf_Score | K3: Employment status | N3: Performance Band | O3: Sum of Eligible Bonus Amount
A4: Information Technology | B4: 36 | C4: 80511.306 | F4: Department Name | G4: Left | H4: Attrition Rate | J4: Department Name | K4: Active | L4: Left | N4: Achieving | O4: 2.05
A5: Sales | B5: 31 | C5: 86212.065 | F5: Operations | G5: 6 | H5: =GETPIVOTDATA("Employment status ",$F$3,"Employment status ","Left","Department Name","Operations")/GETPIVOTDATA("Count of Employee ID",$A$3,"Department Name","Operations") -> 0.20689655 | J5: Marketing | K5: 74.6875 | L5: 65.333333 | N5: Exceeding | O5: 1.76
A6: Operations | B6: 29 | C6: 80009.172 | F6: Information Technology | G6: 6 | H6: =GETPIVOTDATA("Employment status ",$F$3,"Employment status ","Left","Department Name","Information Technology")/GETPIVOTDATA("Count of Employee ID",$A$3,"Department Name","Information Technology") -> 0.16666667 | J6: Human Resources | K6: 69.933333 | L6: 71 | N6: Outstanding | O6: 1.2
A7: Marketing | B7: 19 | C7: 85406.684 | F7: Sales | G7: 4 | H7: =GETPIVOTDATA("Employment status ",$F$3,"Employment status ","Left","Department Name","Sales")/GETPIVOTDATA("Count of Employee ID",$A$3,"Department Name","Sales") -> 0.12903226 | J7: Operations | K7: 69.444444 | L7: 73.833333 | N7: Developing | O7: 0.98
A8: Human Resources | B8: 18 | C8: 85461.611 | F8: Finance | G8: 3 | H8: =GETPIVOTDATA("Employment status ",$F$3,"Employment status ","Left","Department Name","Finance")/GETPIVOTDATA("Count of Employee ID",$A$3,"Department Name","Finance") -> 0.17647059 | J8: Finance | K8: 68.357143 | L8: 71.666667 | N8: Needs Improvement | O8: 0
A9: Finance | B9: 17 | C9: 87155.235 | F9: Marketing | G9: 3 | H9: =GETPIVOTDATA("Employment status ",$F$3,"Employment status ","Left","Department Name","Marketing")/GETPIVOTDATA("Count of Employee ID",$A$3,"Department Name","Marketing") -> 0.15789474 | J9: Information Technology | K9: 67.25 | L9: 51.833333 | N9: Grand Total | O9: 5.99
A10: Grand Total | B10: 150 | C10: 83559.48 | F10: Human Resources | G10: 2 | H10: =GETPIVOTDATA("Employment status ",$F$3,"Employment status ","Left","Department Name","Human Resources")/GETPIVOTDATA("Count of Employee ID",$A$3,"Department Name","Human Resources") -> 0.11111111 | J10: Sales | K10: 60.96 | L10: 70.5 | O10: =GETPIVOTDATA("Eligible Bonus Amount",$N$3) -> 5.99
F11: Overall | G11: =SUM(G5:G10) -> 24 | H11: =G11/GETPIVOTDATA("Count of Employee ID",$A$3) -> 0.16 | J11: Grand Total | K11: 67.741379 | L11: 66.208333
A12: TOP THREE PAYING DEPARTMENT
A13: Department Name | B13: Average of Salary | D13: KPIS | H13: Average of Years of Service
A14: Finance | B14: 87155.235 | D14: Total Employee | H14: 6.4733333
A15: Human Resources | B15: 85461.611 | D15: =GETPIVOTDATA("Count of Employee ID",$A$3) -> 150 | H15: =GETPIVOTDATA("Years of Service",$H$13) -> 6.4733333
A16: Sales | B16: 86212.065 | D16: Average salary
A17: Grand Total | B17: 86250.333 | D17: =GETPIVOTDATA("Average of Salary",$A$3) -> 83559.48
B18: =GETPIVOTDATA("Salary",$A$13) -> 86250.333 | D18: Average years of service
D19: =GETPIVOTDATA("Years of Service",$H$13) -> 6.4733333
D20: Overall Attrition Rate
D21: =H11 -> 0.16

Sheet PIVOT CHART

Sheet HR DASHBOARD
